file,id,framerate,nchannels,sampwidth,duration,text,language,arousal,dominance,valence,age,female,male,child,gender,OVRL,SIG,BAK
data/vox1_test/wav/id10295/nt7dNRvlEHE/00005.wav,id10295,16000,1,2,4.8000625," Egyptian guy was telling me that Dubai is amazing. He said, but it's summer. Stay.",en,0.3700000047683716,0.47999998927116394,0.6800000071525574,44,-0.8799999952316284,4.570000171661377,-2.7699999809265137,male,3.0891271529377544,3.6527983022435517,3.5731412216384366
data/vox1_test/wav/id10295/nt7dNRvlEHE/00004.wav,id10295,16000,1,2,7.8400625," And I thought maybe I was looking around to find out who had the camera. She, nobody, she wasn't with anybody, nobody had a camera. She was just screaming.",en,0.6000000238418579,0.6200000047683716,0.41999998688697815,50,-1.5099999904632568,5.949999809265137,-3.1700000762939453,male,2.707923860643797,3.5972475420002383,2.856213375786228
data/vox1_test/wav/id10295/nt7dNRvlEHE/00001.wav,id10295,16000,1,2,8.8400625," When you spend 15 hours, you know, maybe sometimes 50 hours per episode with somebody, you don't really find it necessary to spend time with them outside of that.",en,0.4399999976158142,0.550000011920929,0.41999998688697815,47,-1.4299999475479126,5.079999923706055,-2.5899999141693115,male,3.1178247728337114,3.631490088886974,3.6311139917135757
