{
    "data/vox1_test/wav/id10295/nt7dNRvlEHE/00005.wav": {
        "file": "data/vox1_test/wav/id10295/nt7dNRvlEHE/00005.wav",
        "id": "id10295",
        "framerate": 16000,
        "nchannels": 1,
        "sampwidth": 2,
        "duration": 4.8000625,
        "text": " Egyptian guy was telling me that Dubai is amazing. He said, but it's summer. Stay.",
        "language": "en",
        "arousal": 0.3700000047683716,
        "dominance": 0.47999998927116394,
        "valence": 0.6800000071525574,
        "age": 44,
        "female": -0.8799999952316284,
        "male": 4.570000171661377,
        "child": -2.7699999809265137,
        "gender": "male"
    },
    "data/vox1_test/wav/id10295/nt7dNRvlEHE/00004.wav": {
        "file": "data/vox1_test/wav/id10295/nt7dNRvlEHE/00004.wav",
        "id": "id10295",
        "framerate": 16000,
        "nchannels": 1,
        "sampwidth": 2,
        "duration": 7.8400625,
        "text": " And I thought maybe I was looking around to find out who had the camera. She, nobody, she wasn't with anybody, nobody had a camera. She was just screaming.",
        "language": "en",
        "arousal": 0.6000000238418579,
        "dominance": 0.6200000047683716,
        "valence": 0.41999998688697815,
        "age": 50,
        "female": -1.5099999904632568,
        "male": 5.949999809265137,
        "child": -3.1700000762939453,
        "gender": "male"
    },
    "data/vox1_test/wav/id10295/nt7dNRvlEHE/00001.wav": {
        "file": "data/vox1_test/wav/id10295/nt7dNRvlEHE/00001.wav",
        "id": "id10295",
        "framerate": 16000,
        "nchannels": 1,
        "sampwidth": 2,
        "duration": 8.8400625,
        "text": " When you spend 15 hours, you know, maybe sometimes 50 hours per episode with somebody, you don't really find it necessary to spend time with them outside of that.",
        "language": "en",
        "arousal": 0.4399999976158142,
        "dominance": 0.550000011920929,
        "valence": 0.41999998688697815,
        "age": 47,
        "female": -1.4299999475479126,
        "male": 5.079999923706055,
        "child": -2.5899999141693115,
        "gender": "male"
    }
}
